Jahr;Schulgemeinde;country_g;per_g;SG;rank
2000;Glattal;Andere;0.09824704443538525;Glattal;292
2000;Glattal;Asien;0.037912759885854054;Glattal;508
2000;Glattal;Bosnien-Herzegowina;0.02242152466367713;Glattal;768
2000;Glattal;Italien;0.06013045250713412;Glattal;377
2000;Glattal;Kroatien;0.022013860578883;Glattal;787
2000;Glattal;Portugal;0.027721157766000815;Glattal;652
2000;Glattal;Schweiz;0.556461475743987;Glattal;110
2000;Glattal;Serbien;0.13452914798206278;Glattal;214
2000;Glattal;Türkei;0.0405625764370159;Glattal;480
2000;Letzi;Afrika;0.02043132803632236;Letzi;837
2000;Letzi;Andere;0.062145289443813846;Letzi;365
2000;Letzi;Asien;0.031498297389330306;Letzi;582
2000;Letzi;Italien;0.079738933030647;Letzi;319
2000;Letzi;Kroatien;0.03064699205448354;Letzi;598
2000;Letzi;Nordmazedonien;0.03036322360953462;Letzi;606
2000;Letzi;Portugal;0.03887627695800227;Letzi;498
2000;Letzi;Schweiz;0.514472190692395;Letzi;124
2000;Letzi;Serbien;0.11407491486946651;Letzi;260
2000;Letzi;Spanien;0.03376844494892168;Letzi;555
2000;Letzi;Türkei;0.04398410896708286;Letzi;455
2000;Limmattal;Afrika;0.02557755775577558;Limmattal;702
2000;Limmattal;Andere;0.021727172717271728;Limmattal;801
2000;Limmattal;Asien;0.09790979097909791;Limmattal;295
2000;Limmattal;Bosnien-Herzegowina;0.02557755775577558;Limmattal;702
2000;Limmattal;Italien;0.07288228822882288;Limmattal;331
2000;Limmattal;Kroatien;0.030803080308030802;Limmattal;592
2000;Limmattal;Mittel- und Südamerika;0.02667766776677668;Limmattal;678
2000;Limmattal;Nordmazedonien;0.06133113311331133;Limmattal;370
2000;Limmattal;Portugal;0.06985698569856985;Limmattal;339
2000;Limmattal;Schweiz;0.21864686468646866;Limmattal;134
2000;Limmattal;Serbien;0.22084708470847084;Limmattal;133
2000;Limmattal;Spanien;0.047304730473047306;Limmattal;437
2000;Limmattal;Türkei;0.08085808580858085;Limmattal;317
2000;Schwamendingen;Andere;0.09956273124789775;Schwamendingen;287
2000;Schwamendingen;Asien;0.029599730911537166;Schwamendingen;616
2000;Schwamendingen;Italien;0.07366296670030273;Schwamendingen;330
2000;Schwamendingen;Nordmazedonien;0.02186343760511268;Schwamendingen;791
2000;Schwamendingen;Portugal;0.03498150016818029;Schwamendingen;540
2000;Schwamendingen;Schweiz;0.5425496131853347;Schwamendingen;117
2000;Schwamendingen;Serbien;0.12008072653884964;Schwamendingen;245
2000;Schwamendingen;Spanien;0.022872519340733265;Schwamendingen;759
2000;Schwamendingen;Türkei;0.0548267743020518;Schwamendingen;404
2000;Uto;Andere;0.0893991206643869;Uto;306
2000;Uto;Asien;0.052515876893014166;Uto;419
2000;Uto;Italien;0.041768441621885685;Uto;474
2000;Uto;Kroatien;0.02051783097215437;Uto;836
2000;Uto;Portugal;0.03663898387884709;Uto;524
2000;Uto;Schweiz;0.6160234489496824;Uto;96
2000;Uto;Serbien;0.08720078163165608;Uto;307
2000;Uto;Spanien;0.020273571079628724;Uto;840
2000;Uto;Türkei;0.0356619443087445;Uto;532
2000;Waidberg;Andere;0.11835072537541359;Waidberg;249
2000;Waidberg;Asien;0.033850852634258084;Waidberg;554
2000;Waidberg;Italien;0.04326800712649529;Waidberg;463
2000;Waidberg;Portugal;0.024688215831000254;Waidberg;719
2000;Waidberg;Schweiz;0.6655637566810894;Waidberg;74
2000;Waidberg;Serbien;0.059811656910155254;Waidberg;382
2000;Waidberg;Spanien;0.020361415118350726;Waidberg;838
2000;Waidberg;Türkei;0.03410537032323747;Waidberg;550
2000;Zürichberg;Andere;0.14763711624698173;Zürichberg;194
2000;Zürichberg;Schweiz;0.8126940324249742;Zürichberg;15
2000;Zürichberg;Serbien;0.03966885132804415;Zürichberg;489
2001;Glattal;Andere;0.13519621943702487;Glattal;213
2001;Glattal;Bosnien-Herzegowina;0.025477707006369428;Glattal;705
2001;Glattal;Italien;0.055064721594411344;Glattal;398
2001;Glattal;Nordmazedonien;0.022190260941031437;Glattal;778
2001;Glattal;Portugal;0.031436202999794535;Glattal;584
2001;Glattal;Schweiz;0.5711937538524758;Glattal;104
2001;Glattal;Serbien;0.12225190055475653;Glattal;243
2001;Glattal;Türkei;0.037189233614136015;Glattal;517
2001;Letzi;Andere;0.11045197740112994;Letzi;264
2001;Letzi;Italien;0.06468926553672316;Letzi;353
2001;Letzi;Kroatien;0.030225988700564973;Letzi;609
2001;Letzi;Nordmazedonien;0.030225988700564973;Letzi;609
2001;Letzi;Portugal;0.04067796610169491;Letzi;478
2001;Letzi;Schweiz;0.5409604519774012;Letzi;118
2001;Letzi;Serbien;0.10903954802259887;Letzi;268
2001;Letzi;Spanien;0.030508474576271188;Letzi;603
2001;Letzi;Türkei;0.043220338983050846;Letzi;464
2001;Limmattal;Andere;0.09879652952700811;Limmattal;289
2001;Limmattal;Bosnien-Herzegowina;0.03246571508536244;Limmattal;567
2001;Limmattal;Italien;0.0626924153372516;Limmattal;363
2001;Limmattal;Kroatien;0.027987685418415897;Limmattal;644
2001;Limmattal;Nordmazedonien;0.06605093758746151;Limmattal;349
2001;Limmattal;Portugal;0.0654911838790932;Limmattal;351
2001;Limmattal;Schweiz;0.2594458438287154;Limmattal;132
2001;Limmattal;Serbien;0.20151133501259447;Limmattal;143
2001;Limmattal;Spanien;0.042541281835992165;Limmattal;467
2001;Limmattal;Sri Lanka;0.07948502658830114;Limmattal;320
2001;Limmattal;Türkei;0.06353204589980409;Limmattal;359
2001;Schwamendingen;Andere;0.11665565102445473;Schwamendingen;255
2001;Schwamendingen;Bosnien-Herzegowina;0.021150033046926635;Schwamendingen;824
2001;Schwamendingen;Italien;0.07038995373430271;Schwamendingen;337
2001;Schwamendingen;Nordmazedonien;0.024454725710508923;Schwamendingen;724
2001;Schwamendingen;Portugal;0.0356906807666887;Schwamendingen;531
2001;Schwamendingen;Schweiz;0.5446133509583608;Schwamendingen;114
2001;Schwamendingen;Serbien;0.11996034368803701;Schwamendingen;247
2001;Schwamendingen;Spanien;0.021480502313284865;Schwamendingen;807
2001;Schwamendingen;Türkei;0.04560475875743556;Schwamendingen;445
2001;Uto;Andere;0.12469377756001959;Uto;237
2001;Uto;Italien;0.03944145026947575;Uto;492
2001;Uto;Kroatien;0.021313081822635964;Uto;813
2001;Uto;Portugal;0.036256736893679566;Uto;528
2001;Uto;Schweiz;0.6256736893679569;Uto;91
2001;Uto;Serbien;0.08329250367466928;Uto;315
2001;Uto;Sri Lanka;0.036256736893679566;Uto;528
2001;Uto;Türkei;0.03307202351788339;Uto;561
2001;Waidberg;Andere;0.16088730239673638;Waidberg;184
2001;Waidberg;Italien;0.042070372259051504;Waidberg;472
2001;Waidberg;Portugal;0.023202447730749618;Waidberg;747
2001;Waidberg;Schweiz;0.690464048954615;Waidberg;61
2001;Waidberg;Serbien;0.05532891381947986;Waidberg;397
2001;Waidberg;Türkei;0.02804691483936767;Waidberg;640
2001;Zürichberg;Andere;0.1295784381478922;Zürichberg;223
2001;Zürichberg;Portugal;0.022460262612301312;Zürichberg;766
2001;Zürichberg;Schweiz;0.8113337940566689;Zürichberg;16
2001;Zürichberg;Serbien;0.036627505183137524;Zürichberg;525
2002;Glattal;Andere;0.12538667766549805;Glattal;234
2002;Glattal;Bosnien-Herzegowina;0.02536605485667148;Glattal;709
2002;Glattal;Italien;0.05382553103732728;Glattal;410
2002;Glattal;Nordmazedonien;0.02227263353268715;Glattal;774
2002;Glattal;Portugal;0.03258403794596824;Glattal;566
2002;Glattal;Schweiz;0.5673334708187255;Glattal;105
2002;Glattal;Serbien;0.11569395751701382;Glattal;259
2002;Glattal;Sri Lanka;0.021241493091359042;Glattal;822
2002;Glattal;Türkei;0.036296143534749435;Glattal;526
2002;Letzi;Andere;0.09608843537414966;Letzi;296
2002;Letzi;Bosnien-Herzegowina;0.020691609977324263;Letzi;832
2002;Letzi;Italien;0.061507936507936505;Letzi;369
2002;Letzi;Kroatien;0.027210884353741496;Letzi;661
2002;Letzi;Nordmazedonien;0.027777777777777776;Letzi;651
2002;Letzi;Portugal;0.048752834467120185;Letzi;429
2002;Letzi;Schweiz;0.5430839002267573;Letzi;116
2002;Letzi;Serbien;0.1082766439909297;Letzi;269
2002;Letzi;Spanien;0.02891156462585034;Letzi;627
2002;Letzi;Türkei;0.037698412698412696;Letzi;512
2002;Limmattal;Andere;0.1015112631879099;Limmattal;282
2002;Limmattal;Bosnien-Herzegowina;0.026803535785571715;Limmattal;675
2002;Limmattal;Italien;0.05503279155973767;Limmattal;399
2002;Limmattal;Kroatien;0.025377815796977475;Limmattal;708
2002;Limmattal;Nordmazedonien;0.05902480752780154;Limmattal;385
2002;Limmattal;Portugal;0.06786427145708583;Limmattal;347
2002;Limmattal;Schweiz;0.2754491017964072;Limmattal;131
2002;Limmattal;Serbien;0.20102651839178784;Limmattal;144
2002;Limmattal;Spanien;0.03849443969204448;Limmattal;500
2002;Limmattal;Sri Lanka;0.09096093527231251;Limmattal;303
2002;Limmattal;Türkei;0.058454519532363844;Limmattal;388
2002;Schwamendingen;Andere;0.11655844155844156;Schwamendingen;256
2002;Schwamendingen;Bosnien-Herzegowina;0.023051948051948053;Schwamendingen;752
2002;Schwamendingen;Italien;0.06428571428571428;Schwamendingen;356
2002;Schwamendingen;Nordmazedonien;0.022727272727272728;Schwamendingen;763
2002;Schwamendingen;Portugal;0.037337662337662336;Schwamendingen;516
2002;Schwamendingen;Schweiz;0.5409090909090909;Schwamendingen;119
2002;Schwamendingen;Serbien;0.1275974025974026;Schwamendingen;229
2002;Schwamendingen;Spanien;0.021753246753246754;Schwamendingen;798
2002;Schwamendingen;Türkei;0.04577922077922078;Schwamendingen;444
2002;Uto;Andere;0.1421616358325219;Uto;200
2002;Uto;Italien;0.03554040895813048;Uto;533
2002;Uto;Portugal;0.03481012658227848;Uto;543
2002;Uto;Schweiz;0.6358325219084713;Uto;88
2002;Uto;Serbien;0.08106134371957156;Uto;316
2002;Uto;Sri Lanka;0.03919182083739046;Uto;495
2002;Uto;Türkei;0.03140214216163583;Uto;586
2002;Waidberg;Andere;0.1425378693816737;Waidberg;199
2002;Waidberg;Deutschland;0.023094114725602185;Waidberg;750
2002;Waidberg;Italien;0.034765333995530175;Waidberg;544
2002;Waidberg;Portugal;0.023094114725602185;Waidberg;750
2002;Waidberg;Schweiz;0.6960516513533648;Waidberg;57
2002;Waidberg;Serbien;0.05338962006456419;Waidberg;413
2002;Waidberg;Türkei;0.027067295753662776;Waidberg;666
2002;Zürichberg;Andere;0.13406292749658003;Zürichberg;216
2002;Zürichberg;Deutschland;0.02188782489740082;Zürichberg;789
2002;Zürichberg;Schweiz;0.8101915184678523;Zürichberg;18
2002;Zürichberg;Serbien;0.0338577291381669;Zürichberg;553
2003;Glattal;Andere;0.12952419682797886;Glattal;224
2003;Glattal;Bosnien-Herzegowina;0.026636844245628306;Glattal;679
2003;Glattal;Italien;0.05266368442456283;Glattal;418
2003;Glattal;Nordmazedonien;0.022976819845465637;Glattal;757
2003;Glattal;Portugal;0.03822692151281008;Glattal;504
2003;Glattal;Schweiz;0.5587637250915006;Glattal;108
2003;Glattal;Serbien;0.11712078080520537;Glattal;253
2003;Glattal;Sri Lanka;0.022163481089873933;Glattal;782
2003;Glattal;Türkei;0.03192354615697438;Glattal;573
2003;Letzi;Andere;0.09871869539895166;Letzi;290
2003;Letzi;Bosnien-Herzegowina;0.02125800815375655;Letzi;821
2003;Letzi;Italien;0.0553290623179965;Letzi;396
2003;Letzi;Kroatien;0.0256260920209668;Letzi;700
2003;Letzi;Nordmazedonien;0.02766453115899825;Letzi;654
2003;Letzi;Portugal;0.054164239953407106;Letzi;409
2003;Letzi;Schweiz;0.5430984274898079;Letzi;115
2003;Letzi;Serbien;0.1059988351776354;Letzi;275
2003;Letzi;Spanien;0.028829353523587654;Letzi;628
2003;Letzi;Türkei;0.039312754804892255;Letzi;493
2003;Limmattal;Andere;0.10332950631458095;Limmattal;279
2003;Limmattal;Bosnien-Herzegowina;0.027841561423650976;Limmattal;650
2003;Limmattal;Italien;0.05482204362801378;Limmattal;406
2003;Limmattal;Kroatien;0.022101033295063147;Limmattal;783
2003;Limmattal;Nordmazedonien;0.055970149253731345;Limmattal;393
2003;Limmattal;Portugal;0.07032146957520091;Limmattal;338
2003;Limmattal;Schweiz;0.28788748564867966;Limmattal;130
2003;Limmattal;Serbien;0.19431687715269805;Limmattal;149
2003;Limmattal;Spanien;0.037026406429391506;Limmattal;519
2003;Limmattal;Sri Lanka;0.09414466130884042;Limmattal;299
2003;Limmattal;Türkei;0.05223880597014925;Limmattal;420
2003;Schwamendingen;Andere;0.11811524992040752;Schwamendingen;251
2003;Schwamendingen;Bosnien-Herzegowina;0.02387774594078319;Schwamendingen;734
2003;Schwamendingen;Italien;0.06176376950015919;Schwamendingen;368
2003;Schwamendingen;Nordmazedonien;0.021967526265520534;Schwamendingen;788
2003;Schwamendingen;Portugal;0.03884113339700732;Schwamendingen;499
2003;Schwamendingen;Schweiz;0.5361349888570519;Schwamendingen;120
2003;Schwamendingen;Serbien;0.13307863737663164;Schwamendingen;219
2003;Schwamendingen;Sri Lanka;0.02005730659025788;Schwamendingen;845
2003;Schwamendingen;Türkei;0.046163642152180835;Schwamendingen;440
2003;Uto;Andere;0.1403678606001936;Uto;205
2003;Uto;Italien;0.03412391093901258;Uto;549
2003;Uto;Portugal;0.03170377541142304;Uto;575
2003;Uto;Schweiz;0.6364956437560504;Uto;87
2003;Uto;Serbien;0.08397870280735721;Uto;311
2003;Uto;Sri Lanka;0.04283639883833495;Uto;466
2003;Uto;Türkei;0.03049370764762827;Uto;604
2003;Waidberg;Andere;0.11613691931540342;Waidberg;258
2003;Waidberg;Deutschland;0.02689486552567237;Waidberg;670
2003;Waidberg;Italien;0.03300733496332518;Waidberg;562
2003;Waidberg;Portugal;0.02444987775061125;Waidberg;725
2003;Waidberg;Schweiz;0.6965770171149144;Waidberg;56
2003;Waidberg;Serbien;0.0589242053789731;Waidberg;386
2003;Waidberg;Sri Lanka;0.021026894865525673;Waidberg;828
2003;Waidberg;Türkei;0.022982885085574573;Waidberg;756
2003;Zürichberg;Andere;0.11042097998619738;Zürichberg;265
2003;Zürichberg;Deutschland;0.024844720496894408;Zürichberg;718
2003;Zürichberg;Portugal;0.021739130434782608;Zürichberg;800
2003;Zürichberg;Schweiz;0.8088336783988958;Zürichberg;20
2003;Zürichberg;Serbien;0.034161490683229816;Zürichberg;548
2004;Glattal;Andere;0.12803261977573904;Glattal;227
2004;Glattal;Bosnien-Herzegowina;0.023241590214067277;Glattal;746
2004;Glattal;Italien;0.04933741080530071;Glattal;427
2004;Glattal;Nordmazedonien;0.021406727828746176;Glattal;810
2004;Glattal;Portugal;0.03955147808358817;Glattal;491
2004;Glattal;Schweiz;0.5614678899082569;Glattal;107
2004;Glattal;Serbien;0.1198776758409786;Glattal;248
2004;Glattal;Sri Lanka;0.026299694189602447;Glattal;685
2004;Glattal;Türkei;0.030784913353720692;Glattal;595
2004;Letzi;Andere;0.09976525821596244;Letzi;285
2004;Letzi;Bosnien-Herzegowina;0.02171361502347418;Letzi;802
2004;Letzi;Italien;0.05193661971830986;Letzi;421
2004;Letzi;Kroatien;0.02318075117370892;Letzi;748
2004;Letzi;Nordmazedonien;0.027875586854460094;Letzi;648
2004;Letzi;Portugal;0.05985915492957746;Letzi;381
2004;Letzi;Schweiz;0.545774647887324;Letzi;113
2004;Letzi;Serbien;0.1073943661971831;Letzi;272
2004;Letzi;Spanien;0.028169014084507043;Letzi;638
2004;Letzi;Türkei;0.03433098591549296;Letzi;547
2004;Limmattal;Andere;0.11232957913455839;Limmattal;263
2004;Limmattal;Bosnien-Herzegowina;0.025785417901600473;Limmattal;695
2004;Limmattal;Italien;0.05127445168938945;Limmattal;423
2004;Limmattal;Kroatien;0.021636040308239478;Limmattal;804
2004;Limmattal;Nordmazedonien;0.053052756372258446;Limmattal;414
2004;Limmattal;Portugal;0.08061647895672792;Limmattal;318
2004;Limmattal;Schweiz;0.3073503260225252;Limmattal;129
2004;Limmattal;Serbien;0.17634854771784234;Limmattal;164
2004;Limmattal;Spanien;0.034973325429756966;Limmattal;541
2004;Limmattal;Sri Lanka;0.0942501481920569;Limmattal;298
2004;Limmattal;Türkei;0.04238292827504446;Limmattal;469
2004;Schwamendingen;Andere;0.1276796973518285;Schwamendingen;228
2004;Schwamendingen;Bosnien-Herzegowina;0.023013871374527112;Schwamendingen;754
2004;Schwamendingen;Italien;0.06084489281210593;Schwamendingen;371
2004;Schwamendingen;Nordmazedonien;0.02269861286254729;Schwamendingen;764
2004;Schwamendingen;Portugal;0.047604035308953345;Schwamendingen;436
2004;Schwamendingen;Schweiz;0.5226986128625473;Schwamendingen;122
2004;Schwamendingen;Serbien;0.13114754098360656;Schwamendingen;222
2004;Schwamendingen;Sri Lanka;0.022068095838587643;Schwamendingen;784
2004;Schwamendingen;Türkei;0.04224464060529634;Schwamendingen;470
2004;Uto;Andere;0.13783978830887658;Uto;209
2004;Uto;Italien;0.03271590089006495;Uto;565
2004;Uto;Portugal;0.030791436131825837;Uto;593
2004;Uto;Schweiz;0.645657926389223;Uto;84
2004;Uto;Serbien;0.08395477507818139;Uto;313
2004;Uto;Sri Lanka;0.04330045706038008;Uto;462
2004;Uto;Türkei;0.025739716141448158;Uto;697
2004;Waidberg;Andere;0.10629439137888808;Waidberg;274
2004;Waidberg;Deutschland;0.028655400440852314;Waidberg;629
2004;Waidberg;Italien;0.03208425177565515;Waidberg;570
2004;Waidberg;Portugal;0.022777369581190303;Waidberg;762
2004;Waidberg;Schweiz;0.7065882929218712;Waidberg;51
2004;Waidberg;Serbien;0.06000489835904972;Waidberg;380
2004;Waidberg;Sri Lanka;0.0213078618662748;Waidberg;816
2004;Waidberg;Türkei;0.02228753367621847;Waidberg;773
2004;Zürichberg;Andere;0.10798916723087339;Zürichberg;270
2004;Zürichberg;Deutschland;0.02911306702775897;Zürichberg;626
2004;Zürichberg;Portugal;0.023019634394041977;Zürichberg;753
2004;Zürichberg;Schweiz;0.8100880162491537;Zürichberg;19
2004;Zürichberg;Serbien;0.02979011509817197;Zürichberg;613
2005;Glattal;Andere;0.12877871825876663;Glattal;226
2005;Glattal;Bosnien-Herzegowina;0.020757758968158;Glattal;831
2005;Glattal;Italien;0.04373236598145909;Glattal;458
2005;Glattal;Nordmazedonien;0.022168480451430876;Glattal;781
2005;Glattal;Portugal;0.0384925433293027;Glattal;501
2005;Glattal;Schweiz;0.5832325675130996;Glattal;101
2005;Glattal;Serbien;0.11386537686416767;Glattal;261
2005;Glattal;Sri Lanka;0.02176541717049577;Glattal;797
2005;Glattal;Türkei;0.02720677146311971;Glattal;662
2005;Letzi;Andere;0.10706829704742023;Letzi;273
2005;Letzi;Bosnien-Herzegowina;0.021473307485833582;Letzi;808
2005;Letzi;Italien;0.046525499552639425;Letzi;438
2005;Letzi;Kroatien;0.02177154786758127;Letzi;795
2005;Letzi;Nordmazedonien;0.026841634357291977;Letzi;672
2005;Letzi;Portugal;0.06084103787652848;Letzi;373
2005;Letzi;Schweiz;0.5556218311959439;Letzi;111
2005;Letzi;Serbien;0.09961228750372801;Letzi;286
2005;Letzi;Spanien;0.026841634357291977;Letzi;672
2005;Letzi;Türkei;0.033402922755741124;Letzi;557
2005;Limmattal;Andere;0.13669950738916256;Limmattal;210
2005;Limmattal;Bosnien-Herzegowina;0.02185960591133005;Limmattal;792
2005;Limmattal;Italien;0.0437192118226601;Limmattal;459
2005;Limmattal;Nordmazedonien;0.0458743842364532;Limmattal;443
2005;Limmattal;Portugal;0.0852832512315271;Limmattal;309
2005;Limmattal;Schweiz;0.3519088669950739;Limmattal;128
2005;Limmattal;Serbien;0.1560960591133005;Limmattal;188
2005;Limmattal;Spanien;0.03078817733990148;Limmattal;594
2005;Limmattal;Sri Lanka;0.08374384236453201;Limmattal;314
2005;Limmattal;Türkei;0.044027093596059115;Limmattal;454
2005;Schwamendingen;Andere;0.14694656488549618;Schwamendingen;196
2005;Schwamendingen;Italien;0.06297709923664122;Schwamendingen;361
2005;Schwamendingen;Nordmazedonien;0.021310432569974554;Schwamendingen;815
2005;Schwamendingen;Portugal;0.05057251908396947;Schwamendingen;425
2005;Schwamendingen;Schweiz;0.5318066157760815;Schwamendingen;121
2005;Schwamendingen;Serbien;0.12595419847328243;Schwamendingen;232
2005;Schwamendingen;Sri Lanka;0.022582697201017812;Schwamendingen;765
2005;Schwamendingen;Türkei;0.037849872773536894;Schwamendingen;510
2005;Uto;Andere;0.13365384615384615;Uto;218
2005;Uto;Italien;0.03461538461538462;Uto;546
2005;Uto;Portugal;0.031490384615384615;Uto;583
2005;Uto;Schweiz;0.6675480769230769;Uto;71
2005;Uto;Serbien;0.07235576923076924;Uto;333
2005;Uto;Sri Lanka;0.038461538461538464;Uto;503
2005;Uto;Türkei;0.021875;Uto;790
2005;Waidberg;Andere;0.13620604259534422;Waidberg;212
2005;Waidberg;Deutschland;0.029717682020802376;Waidberg;614
2005;Waidberg;Italien;0.02847944526993561;Waidberg;632
2005;Waidberg;Portugal;0.0237741456166419;Waidberg;739
2005;Waidberg;Schweiz;0.7268449727587915;Waidberg;44
2005;Waidberg;Serbien;0.0549777117384844;Waidberg;400
2005;Zürichberg;Andere;0.10174120860361899;Zürichberg;281
2005;Zürichberg;Deutschland;0.03687265278251963;Zürichberg;521
2005;Zürichberg;Portugal;0.023557528166609765;Zürichberg;744
2005;Zürichberg;Schweiz;0.8135882553772619;Zürichberg;14
2005;Zürichberg;Serbien;0.02424035506998976;Zürichberg;727
2006;Glattal;Andere;0.18407960199004975;Glattal;156
2006;Glattal;Italien;0.04039800995024875;Glattal;484
2006;Glattal;Portugal;0.03900497512437811;Glattal;497
2006;Glattal;Schweiz;0.6157213930348259;Glattal;97
2006;Glattal;Serbien;0.09512437810945273;Glattal;297
2006;Glattal;Türkei;0.025671641791044777;Glattal;699
2006;Letzi;Andere;0.12293853073463268;Letzi;240
2006;Letzi;Italien;0.04527736131934033;Letzi;449
2006;Letzi;Kroatien;0.022188905547226388;Letzi;779
2006;Letzi;Nordmazedonien;0.024887556221889054;Letzi;716
2006;Letzi;Portugal;0.06416791604197901;Letzi;357
2006;Letzi;Schweiz;0.583808095952024;Letzi;100
2006;Letzi;Serbien;0.08395802098950525;Letzi;312
2006;Letzi;Spanien;0.024887556221889054;Letzi;716
2006;Letzi;Türkei;0.027886056971514243;Letzi;647
2006;Limmattal;Andere;0.14198325820991628;Limmattal;201
2006;Limmattal;Italien;0.037990985189954925;Limmattal;506
2006;Limmattal;Nordmazedonien;0.04410817772054089;Limmattal;453
2006;Limmattal;Portugal;0.09207984546039923;Limmattal;302
2006;Limmattal;Schweiz;0.42466194462330975;Limmattal;127
2006;Limmattal;Serbien;0.1210560206052801;Limmattal;244
2006;Limmattal;Spanien;0.02962009014810045;Limmattal;615
2006;Limmattal;Sri Lanka;0.06793303283966516;Limmattal;346
2006;Limmattal;Türkei;0.04056664520283323;Limmattal;479
2006;Schwamendingen;Andere;0.16220626631853785;Schwamendingen;181
2006;Schwamendingen;Italien;0.06201044386422976;Schwamendingen;367
2006;Schwamendingen;Portugal;0.05483028720626632;Schwamendingen;403
2006;Schwamendingen;Schweiz;0.5496083550913838;Schwamendingen;112
2006;Schwamendingen;Serbien;0.11618798955613577;Schwamendingen;257
2006;Schwamendingen;Sri Lanka;0.022193211488250653;Schwamendingen;777
2006;Schwamendingen;Türkei;0.03296344647519582;Schwamendingen;563
2006;Uto;Andere;0.13425253991291727;Uto;215
2006;Uto;Italien;0.03507498790517658;Uto;539
2006;Uto;Portugal;0.02830188679245283;Uto;634
2006;Uto;Schweiz;0.6913401064344461;Uto;60
2006;Uto;Serbien;0.0602322206095791;Uto;376
2006;Uto;Sri Lanka;0.030478955007256895;Uto;605
2006;Uto;Türkei;0.020319303338171262;Uto;839
2006;Waidberg;Andere;0.1199800448989773;Waidberg;246
2006;Waidberg;Deutschland;0.03167872287353455;Waidberg;576
2006;Waidberg;Italien;0.025193315041157394;Waidberg;710
2006;Waidberg;Portugal;0.025193315041157394;Waidberg;710
2006;Waidberg;Schweiz;0.7530556248441008;Waidberg;41
2006;Waidberg;Serbien;0.04489897730107259;Waidberg;451
2006;Zürichberg;Andere;0.11695698542481336;Zürichberg;254
2006;Zürichberg;Deutschland;0.043370067543547816;Zürichberg;461
2006;Zürichberg;Portugal;0.023817987913259866;Zürichberg;736
2006;Zürichberg;Schweiz;0.8158549591183789;Zürichberg;13
2007;Glattal;Andere;0.15699922660479504;Glattal;187
2007;Glattal;Deutschland;0.02242846094354215;Glattal;767
2007;Glattal;Italien;0.035189481825212685;Glattal;537
2007;Glattal;Portugal;0.03789636504253674;Glattal;509
2007;Glattal;Schweiz;0.6326372776488786;Glattal;90
2007;Glattal;Serbien;0.09068058778035576;Glattal;304
2007;Glattal;Türkei;0.024168600154679042;Glattal;728
2007;Letzi;Andere;0.14460711084553332;Letzi;197
2007;Letzi;Italien;0.04302360322677024;Letzi;465
2007;Letzi;Nordmazedonien;0.02449955183746639;Letzi;722
2007;Letzi;Portugal;0.06871825515386913;Letzi;343
2007;Letzi;Schweiz;0.5945622945921721;Letzi;99
2007;Letzi;Serbien;0.07559008066925604;Letzi;328
2007;Letzi;Spanien;0.021810576635793246;Letzi;794
2007;Letzi;Türkei;0.02718852703913953;Letzi;663
2007;Limmattal;Andere;0.13973799126637554;Limmattal;206
2007;Limmattal;Italien;0.03627813234800134;Limmattal;527
2007;Limmattal;Nordmazedonien;0.039301310043668124;Limmattal;494
2007;Limmattal;Portugal;0.09338259993281828;Limmattal;300
2007;Limmattal;Schweiz;0.4739670809539805;Limmattal;126
2007;Limmattal;Serbien;0.09808532079274437;Limmattal;293
2007;Limmattal;Spanien;0.027544507893852873;Limmattal;656
2007;Limmattal;Sri Lanka;0.05374538125629829;Limmattal;411
2007;Limmattal;Türkei;0.03795767551226067;Limmattal;507
2007;Schwamendingen;Andere;0.1832797427652733;Schwamendingen;157
2007;Schwamendingen;Italien;0.059163987138263666;Schwamendingen;384
2007;Schwamendingen;Portugal;0.06012861736334405;Schwamendingen;378
2007;Schwamendingen;Schweiz;0.5578778135048231;Schwamendingen;109
2007;Schwamendingen;Serbien;0.10739549839228296;Schwamendingen;271
2007;Schwamendingen;Türkei;0.03215434083601286;Schwamendingen;569
2007;Uto;Andere;0.14115356534436602;Uto;202
2007;Uto;Deutschland;0.021659771233876857;Uto;803
2007;Uto;Italien;0.03090776344609394;Uto;590
2007;Uto;Portugal;0.029934290581650036;Uto;611
2007;Uto;Schweiz;0.6979800438062789;Uto;54
2007;Uto;Serbien;0.05281090289608177;Uto;416
2007;Uto;Sri Lanka;0.02555366269165247;Uto;704
2007;Waidberg;Andere;0.1176911544227886;Waidberg;252
2007;Waidberg;Deutschland;0.0384807596201899;Waidberg;502
2007;Waidberg;Italien;0.02623688155922039;Waidberg;686
2007;Waidberg;Portugal;0.023738130934532732;Waidberg;741
2007;Waidberg;Schweiz;0.7583708145927036;Waidberg;39
2007;Waidberg;Serbien;0.03548225887056472;Waidberg;534
2007;Zürichberg;Andere;0.10964285714285714;Zürichberg;266
2007;Zürichberg;Deutschland;0.048214285714285716;Zürichberg;431
2007;Zürichberg;Portugal;0.023571428571428573;Zürichberg;743
2007;Zürichberg;Schweiz;0.8185714285714286;Zürichberg;10
2008;Glattal;Andere;0.1618153963998468;Glattal;183
2008;Glattal;Deutschland;0.024511681348142474;Glattal;721
2008;Glattal;Italien;0.035810034469551895;Glattal;530
2008;Glattal;Portugal;0.03983148219073152;Glattal;488
2008;Glattal;Schweiz;0.6353887399463807;Glattal;89
2008;Glattal;Serbien;0.07889697433933358;Glattal;323
2008;Glattal;Türkei;0.023745691306013023;Glattal;740
2008;Letzi;Andere;0.13846153846153847;Letzi;208
2008;Letzi;Italien;0.040422322775263954;Letzi;483
2008;Letzi;Nordmazedonien;0.023831070889894418;Letzi;735
2008;Letzi;Portugal;0.07239819004524888;Letzi;332
2008;Letzi;Schweiz;0.604524886877828;Letzi;98
2008;Letzi;Serbien;0.0684766214177979;Letzi;344
2008;Letzi;Spanien;0.0220211161387632;Letzi;786
2008;Letzi;Türkei;0.02986425339366516;Letzi;612
2008;Limmattal;Andere;0.14093508240834174;Limmattal;203
2008;Limmattal;Italien;0.03195425496131853;Limmattal;572
2008;Limmattal;Nordmazedonien;0.03666330306088127;Limmattal;523
2008;Limmattal;Portugal;0.09989909182643794;Limmattal;284
2008;Limmattal;Schweiz;0.4927682475613858;Limmattal;125
2008;Limmattal;Serbien;0.08678102926337034;Limmattal;308
2008;Limmattal;Spanien;0.022199798183652877;Limmattal;776
2008;Limmattal;Sri Lanka;0.0548267743020518;Limmattal;404
2008;Limmattal;Türkei;0.0339724184325597;Limmattal;552
2008;Schwamendingen;Andere;0.19405815423514539;Schwamendingen;150
2008;Schwamendingen;Italien;0.04898862199747155;Schwamendingen;428
2008;Schwamendingen;Portugal;0.06289506953223767;Schwamendingen;362
2008;Schwamendingen;Schweiz;0.5644753476611883;Schwamendingen;106
2008;Schwamendingen;Serbien;0.0979772439949431;Schwamendingen;294
2008;Schwamendingen;Türkei;0.0316055625790139;Schwamendingen;579
2008;Uto;Andere;0.14299706170421156;Uto;198
2008;Uto;Deutschland;0.021302644466209598;Uto;817
2008;Uto;Italien;0.02791380999020568;Uto;646
2008;Uto;Portugal;0.03060724779627816;Uto;599
2008;Uto;Schweiz;0.7095984329089128;Uto;50
2008;Uto;Serbien;0.0455435847208619;Uto;446
2008;Uto;Sri Lanka;0.022037218413320275;Uto;785
2008;Waidberg;Andere;0.12481012658227848;Waidberg;236
2008;Waidberg;Deutschland;0.040253164556962026;Waidberg;485
2008;Waidberg;Italien;0.026329113924050632;Waidberg;684
2008;Waidberg;Portugal;0.02379746835443038;Waidberg;737
2008;Waidberg;Schweiz;0.7531645569620253;Waidberg;40
2008;Waidberg;Serbien;0.03164556962025317;Waidberg;577
2008;Zürichberg;Andere;0.10123893805309735;Zürichberg;283
2008;Zürichberg;Deutschland;0.05486725663716814;Zürichberg;402
2008;Zürichberg;Portugal;0.021238938053097345;Zürichberg;823
2008;Zürichberg;Schweiz;0.8226548672566372;Zürichberg;6
2009;Glattal;Andere;0.16470811220621684;Glattal;179
2009;Glattal;Deutschland;0.026724791508718725;Glattal;677
2009;Glattal;Italien;0.03335860500379075;Glattal;558
2009;Glattal;Portugal;0.04056103108415466;Glattal;481
2009;Glattal;Schweiz;0.6506823351023503;Glattal;82
2009;Glattal;Serbien;0.06084154662623199;Glattal;372
2009;Glattal;Türkei;0.02312357846853677;Glattal;749
2009;Letzi;Andere;0.12263868065967017;Letzi;242
2009;Letzi;Deutschland;0.020689655172413793;Letzi;833
2009;Letzi;Italien;0.041979010494752625;Letzi;473
2009;Letzi;Nordmazedonien;0.022788605697151423;Letzi;760
2009;Letzi;Portugal;0.07166416791604198;Letzi;334
2009;Letzi;Schweiz;0.6248875562218891;Letzi;92
2009;Letzi;Serbien;0.045877061469265366;Letzi;442
2009;Letzi;Spanien;0.021289355322338832;Letzi;819
2009;Letzi;Türkei;0.028185907046476763;Letzi;637
2009;Limmattal;Andere;0.16751613999320422;Limmattal;175
2009;Limmattal;Italien;0.03058103975535168;Limmattal;601
2009;Limmattal;Nordmazedonien;0.03160040774719674;Limmattal;580
2009;Limmattal;Portugal;0.09955827387020047;Limmattal;288
2009;Limmattal;Schweiz;0.5191980971797485;Limmattal;123
2009;Limmattal;Serbien;0.06965681277607882;Limmattal;340
2009;Limmattal;Sri Lanka;0.047910295616717634;Limmattal;434
2009;Limmattal;Türkei;0.03397893306150187;Limmattal;551
2009;Schwamendingen;Andere;0.2042473454091193;Schwamendingen;141
2009;Schwamendingen;Italien;0.0452841973766396;Schwamendingen;448
2009;Schwamendingen;Portugal;0.06339787632729545;Schwamendingen;360
2009;Schwamendingen;Schweiz;0.5777638975640225;Schwamendingen;103
2009;Schwamendingen;Serbien;0.07901311680199875;Schwamendingen;321
2009;Schwamendingen;Türkei;0.030293566520924423;Schwamendingen;608
2009;Uto;Andere;0.13385633733758273;Uto;217
2009;Uto;Deutschland;0.026231919588134346;Uto;687
2009;Uto;Italien;0.027212552096101985;Uto;660
2009;Uto;Portugal;0.027702868350085806;Uto;653
2009;Uto;Schweiz;0.7335131159597941;Uto;43
2009;Uto;Serbien;0.03138024025496445;Uto;587
2009;Uto;Sri Lanka;0.0201029664133366;Uto;844
2009;Waidberg;Andere;0.11297595190380762;Waidberg;262
2009;Waidberg;Deutschland;0.045090180360721446;Waidberg;450
2009;Waidberg;Italien;0.02404809619238477;Waidberg;731
2009;Waidberg;Portugal;0.022294589178356715;Waidberg;770
2009;Waidberg;Schweiz;0.7732965931863728;Waidberg;35
2009;Waidberg;Serbien;0.022294589178356715;Waidberg;770
2009;Zürichberg;Andere;0.10289057123193393;Zürichberg;280
2009;Zürichberg;Deutschland;0.06779077770130763;Zürichberg;348
2009;Zürichberg;Schweiz;0.8293186510667584;Zürichberg;2
2010;Glattal;Andere;0.1879939781708694;Glattal;153
2010;Glattal;Deutschland;0.030297327813323296;Glattal;607
2010;Glattal;Italien;0.0314264207753105;Glattal;585
2010;Glattal;Portugal;0.041400075272864136;Glattal;476
2010;Glattal;Schweiz;0.6663530297327813;Glattal;72
2010;Glattal;Serbien;0.04252916823485134;Glattal;468
2010;Letzi;Andere;0.14911000875401226;Letzi;193
2010;Letzi;Italien;0.035307849430989205;Letzi;536
2010;Letzi;Portugal;0.07149110008754012;Letzi;335
2010;Letzi;Schweiz;0.6690983367376714;Letzi;70
2010;Letzi;Serbien;0.031514444120221766;Letzi;581
2010;Letzi;Spanien;0.022176831047563468;Letzi;780
2010;Letzi;Türkei;0.02130142982200175;Letzi;818
2010;Limmattal;Andere;0.1618556701030928;Limmattal;182
2010;Limmattal;Italien;0.026804123711340205;Limmattal;674
2010;Limmattal;Nordmazedonien;0.030584192439862542;Limmattal;600
2010;Limmattal;Portugal;0.09828178694158075;Limmattal;291
2010;Limmattal;Schweiz;0.579725085910653;Limmattal;102
2010;Limmattal;Serbien;0.0415807560137457;Limmattal;475
2010;Limmattal;Sri Lanka;0.03676975945017182;Limmattal;522
2010;Limmattal;Türkei;0.024398625429553265;Limmattal;726
2010;Schwamendingen;Andere;0.1724137931034483;Schwamendingen;171
2010;Schwamendingen;Italien;0.03910098522167488;Schwamendingen;496
2010;Schwamendingen;Kosovo;0.028017241379310345;Schwamendingen;641
2010;Schwamendingen;Portugal;0.06434729064039409;Schwamendingen;355
2010;Schwamendingen;Schweiz;0.6222290640394089;Schwamendingen;93
2010;Schwamendingen;Serbien;0.0480295566502463;Schwamendingen;433
2010;Schwamendingen;Türkei;0.02586206896551724;Schwamendingen;692
2010;Uto;Andere;0.13913690476190477;Uto;207
2010;Uto;Deutschland;0.025793650793650792;Uto;693
2010;Uto;Italien;0.025793650793650792;Uto;693
2010;Uto;Portugal;0.022321428571428572;Uto;769
2010;Uto;Schweiz;0.7663690476190477;Uto;38
2010;Uto;Serbien;0.02058531746031746;Uto;834
2010;Waidberg;Andere;0.1245982694684796;Waidberg;238
2010;Waidberg;Deutschland;0.04647713226205192;Waidberg;439
2010;Waidberg;Italien;0.022991347342398022;Waidberg;755
2010;Waidberg;Portugal;0.021013597033374538;Waidberg;829
2010;Waidberg;Schweiz;0.7849196538936959;Waidberg;26
2010;Zürichberg;Andere;0.10350756533700138;Zürichberg;278
2010;Zürichberg;Deutschland;0.06052269601100413;Zürichberg;375
2010;Zürichberg;Schweiz;0.8359697386519945;Zürichberg;1
2011;Glattal;Andere;0.1956027293404094;Glattal;148
2011;Glattal;Deutschland;0.03335860500379075;Glattal;558
2011;Glattal;Italien;0.029188779378316907;Glattal;623
2011;Glattal;Portugal;0.04056103108415466;Glattal;481
2011;Glattal;Schweiz;0.6639499620924944;Glattal;75
2011;Glattal;Serbien;0.037338893100833964;Glattal;515
2011;Letzi;Andere;0.15517241379310345;Letzi;189
2011;Letzi;Deutschland;0.02085650723025584;Letzi;830
2011;Letzi;Italien;0.03114571746384872;Letzi;589
2011;Letzi;Portugal;0.07063403781979978;Letzi;336
2011;Letzi;Schweiz;0.675194660734149;Letzi;68
2011;Letzi;Serbien;0.025583982202447165;Letzi;701
2011;Letzi;Türkei;0.021412680756395994;Letzi;809
2011;Limmattal;Andere;0.1550569323509712;Limmattal;190
2011;Limmattal;Italien;0.02913596784996651;Limmattal;625
2011;Limmattal;Nordmazedonien;0.02712659075686537;Limmattal;664
2011;Limmattal;Portugal;0.0927662424648359;Limmattal;301
2011;Limmattal;Schweiz;0.616543871399866;Limmattal;95
2011;Limmattal;Serbien;0.027461486939048894;Limmattal;657
2011;Limmattal;Sri Lanka;0.02813127930341594;Limmattal;639
2011;Limmattal;Türkei;0.023777628935030142;Limmattal;738
2011;Schwamendingen;Andere;0.1811344406142275;Schwamendingen;160
2011;Schwamendingen;Italien;0.036979003447195236;Schwamendingen;520
2011;Schwamendingen;Kosovo;0.028517706048260733;Schwamendingen;631
2011;Schwamendingen;Portugal;0.06204951425885302;Schwamendingen;366
2011;Schwamendingen;Schweiz;0.6208085239736759;Schwamendingen;94
2011;Schwamendingen;Serbien;0.043560012535255405;Schwamendingen;460
2011;Schwamendingen;Türkei;0.02695079912253212;Schwamendingen;669
2011;Uto;Andere;0.17363658596233797;Uto;169
2011;Uto;Deutschland;0.02959158718513084;Uto;617
2011;Uto;Italien;0.021765712888236734;Uto;796
2011;Uto;Schweiz;0.7750061139642944;Uto;33
2011;Waidberg;Andere;0.14043754410726889;Waidberg;204
2011;Waidberg;Deutschland;0.04845918607386497;Waidberg;430
2011;Waidberg;Italien;0.021406727828746176;Waidberg;810
2011;Waidberg;Schweiz;0.78969654199012;Waidberg;25
2011;Zürichberg;Andere;0.10938029122925838;Zürichberg;267
2011;Zürichberg;Deutschland;0.0656959024720623;Zürichberg;350
2011;Zürichberg;Schweiz;0.8249238062986793;Zürichberg;5
2012;Glattal;Andere;0.19029233314947602;Glattal;152
2012;Glattal;Deutschland;0.03511674940246369;Glattal;538
2012;Glattal;Italien;0.027946313660599374;Glattal;645
2012;Glattal;Portugal;0.040080897223754366;Glattal;487
2012;Glattal;Schweiz;0.6747563890421033;Glattal;69
2012;Glattal;Serbien;0.031807317521603234;Glattal;574
2012;Letzi;Andere;0.17331163547599673;Letzi;170
2012;Letzi;Deutschland;0.022782750203417412;Letzi;761
2012;Letzi;Italien;0.029292107404393815;Letzi;621
2012;Letzi;Portugal;0.06509357200976404;Letzi;352
2012;Letzi;Schweiz;0.6845673989693518;Letzi;65
2012;Letzi;Serbien;0.024952535937076213;Letzi;714
2012;Limmattal;Andere;0.14731543624161073;Limmattal;195
2012;Limmattal;Italien;0.02919463087248322;Limmattal;622
2012;Limmattal;Nordmazedonien;0.026845637583892617;Limmattal;671
2012;Limmattal;Portugal;0.09060402684563758;Limmattal;305
2012;Limmattal;Schweiz;0.6385906040268456;Limmattal;86
2012;Limmattal;Serbien;0.024496644295302013;Limmattal;723
2012;Limmattal;Sri Lanka;0.021140939597315438;Limmattal;825
2012;Limmattal;Türkei;0.02181208053691275;Limmattal;793
2012;Schwamendingen;Andere;0.17726832418469488;Schwamendingen;163
2012;Schwamendingen;Italien;0.031643525992896354;Schwamendingen;578
2012;Schwamendingen;Kosovo;0.027445915402001936;Schwamendingen;658
2012;Schwamendingen;Portugal;0.06070390700678076;Schwamendingen;374
2012;Schwamendingen;Schweiz;0.6415886341620923;Schwamendingen;85
2012;Schwamendingen;Serbien;0.03745560219567323;Schwamendingen;514
2012;Schwamendingen;Türkei;0.02389409105586051;Schwamendingen;732
2012;Uto;Andere;0.18586640851887706;Uto;154
2012;Uto;Deutschland;0.03315585672797677;Uto;560
2012;Uto;Schweiz;0.7809777347531461;Uto;28
2012;Waidberg;Andere;0.15111213024535658;Waidberg;192
2012;Waidberg;Deutschland;0.05342811281816097;Waidberg;412
2012;Waidberg;Schweiz;0.7954597569364824;Waidberg;22
2012;Zürichberg;Andere;0.10568031704095113;Zürichberg;276
2012;Zürichberg;Deutschland;0.0690224570673712;Zürichberg;342
2012;Zürichberg;Schweiz;0.8252972258916776;Zürichberg;4
2013;Glattal;Andere;0.1924663677130045;Glattal;151
2013;Glattal;Deutschland;0.03766816143497758;Glattal;513
2013;Glattal;Italien;0.027623318385650224;Glattal;655
2013;Glattal;Portugal;0.03820627802690583;Glattal;505
2013;Glattal;Schweiz;0.6774887892376682;Glattal;66
2013;Glattal;Serbien;0.026547085201793722;Glattal;681
2013;Letzi;Andere;0.17547119723918236;Letzi;165
2013;Letzi;Deutschland;0.025749933634191664;Letzi;696
2013;Letzi;Italien;0.027077249800902575;Letzi;665
2013;Letzi;Portugal;0.06397663923546588;Letzi;358
2013;Letzi;Schweiz;0.6875497743562516;Letzi;64
2013;Letzi;Serbien;0.02017520573400584;Letzi;843
2013;Limmattal;Andere;0.20804710500490678;Limmattal;138
2013;Limmattal;Italien;0.030749100425253518;Limmattal;596
2013;Limmattal;Nordmazedonien;0.02387962054301603;Limmattal;733
2013;Limmattal;Portugal;0.08439646712463199;Limmattal;310
2013;Limmattal;Schweiz;0.6529277069021917;Limmattal;81
2013;Schwamendingen;Andere;0.18076178179470626;Schwamendingen;161
2013;Schwamendingen;Italien;0.03131052291801162;Schwamendingen;588
2013;Schwamendingen;Kosovo;0.026791478373143964;Schwamendingen;676
2013;Schwamendingen;Portugal;0.05939315687540349;Schwamendingen;383
2013;Schwamendingen;Schweiz;0.6465461588121368;Schwamendingen;83
2013;Schwamendingen;Serbien;0.0329244673983215;Schwamendingen;564
2013;Schwamendingen;Türkei;0.022272433828276306;Schwamendingen;775
2013;Uto;Andere;0.18425381903642774;Uto;155
2013;Uto;Deutschland;0.03783783783783784;Uto;511
2013;Uto;Schweiz;0.7779083431257344;Uto;30
2013;Waidberg;Andere;0.1329479768786127;Waidberg;220
2013;Waidberg;Deutschland;0.05602489995553579;Waidberg;392
2013;Waidberg;Schweiz;0.8110271231658515;Waidberg;17
2013;Zürichberg;Andere;0.10549872122762148;Zürichberg;277
2013;Zürichberg;Deutschland;0.06809462915601024;Zürichberg;345
2013;Zürichberg;Schweiz;0.8264066496163683;Zürichberg;3
2014;Glattal;Andere;0.1990316444751859;Glattal;145
2014;Glattal;Deutschland;0.039598824139719865;Glattal;490
2014;Glattal;Italien;0.028013141967836764;Glattal;642
2014;Glattal;Portugal;0.035448729033373684;Glattal;535
2014;Glattal;Schweiz;0.6773301054815839;Glattal;67
2014;Glattal;Serbien;0.020577554902299844;Glattal;835
2014;Letzi;Andere;0.17539334537013154;Letzi;166
2014;Letzi;Deutschland;0.026051070415269537;Letzi;689
2014;Letzi;Italien;0.03224142378127418;Letzi;568
2014;Letzi;Portugal;0.06448284756254836;Letzi;354
2014;Letzi;Schweiz;0.7018313128707764;Letzi;53
2014;Limmattal;Andere;0.20679886685552407;Limmattal;139
2014;Limmattal;Italien;0.027384324834749764;Limmattal;659
2014;Limmattal;Nordmazedonien;0.021089077746301543;Limmattal;826
2014;Limmattal;Portugal;0.07900535096002519;Limmattal;322
2014;Limmattal;Schweiz;0.6657223796033994;Limmattal;73
2014;Schwamendingen;Andere;0.1580327868852459;Schwamendingen;186
2014;Schwamendingen;Deutschland;0.021311475409836064;Schwamendingen;814
2014;Schwamendingen;Italien;0.02819672131147541;Schwamendingen;636
2014;Schwamendingen;Kosovo;0.027868852459016394;Schwamendingen;649
2014;Schwamendingen;Portugal;0.0580327868852459;Schwamendingen;390
2014;Schwamendingen;Schweiz;0.6540983606557377;Schwamendingen;80
2014;Schwamendingen;Serbien;0.029508196721311476;Schwamendingen;619
2014;Schwamendingen;Türkei;0.022950819672131147;Schwamendingen;758
2014;Uto;Andere;0.1795221843003413;Uto;162
2014;Uto;Deutschland;0.04391353811149033;Uto;456
2014;Uto;Schweiz;0.7765642775881684;Uto;32
2014;Waidberg;Andere;0.12400772366444969;Waidberg;239
2014;Waidberg;Deutschland;0.0547092898519631;Waidberg;407
2014;Waidberg;Schweiz;0.8212829864835872;Waidberg;7
2014;Zürichberg;Andere;0.11825662907650107;Zürichberg;250
2014;Zürichberg;Deutschland;0.07497714111551357;Zürichberg;329
2014;Zürichberg;Schweiz;0.8067662298079854;Zürichberg;21
2015;Glattal;Andere;0.20832639467110742;Glattal;137
2015;Glattal;Deutschland;0.04013322231473772;Glattal;486
2015;Glattal;Italien;0.029142381348875937;Glattal;624
2015;Glattal;Portugal;0.03463780183180683;Glattal;545
2015;Glattal;Schweiz;0.6877601998334721;Glattal;63
2015;Letzi;Andere;0.16513533647876832;Letzi;178
2015;Letzi;Deutschland;0.0265706481251552;Letzi;680
2015;Letzi;Italien;0.030543829153215792;Letzi;602
2015;Letzi;Portugal;0.058852743978147506;Letzi;387
2015;Letzi;Schweiz;0.7188974422647132;Letzi;48
2015;Limmattal;Andere;0.1588310038119441;Limmattal;185
2015;Limmattal;Deutschland;0.025412960609911054;Limmattal;707
2015;Limmattal;Italien;0.027001270648030495;Limmattal;667
2015;Limmattal;Nordmazedonien;0.021601016518424398;Limmattal;806
2015;Limmattal;Portugal;0.06925031766200762;Limmattal;341
2015;Limmattal;Schweiz;0.6979034307496823;Limmattal;55
2015;Schwamendingen;Andere;0.17003676470588236;Schwamendingen;173
2015;Schwamendingen;Deutschland;0.021752450980392156;Schwamendingen;799
2015;Schwamendingen;Italien;0.02696078431372549;Schwamendingen;668
2015;Schwamendingen;Kosovo;0.023590686274509803;Schwamendingen;742
2015;Schwamendingen;Portugal;0.05545343137254902;Schwamendingen;395
2015;Schwamendingen;Schweiz;0.6559436274509803;Schwamendingen;78
2015;Schwamendingen;Serbien;0.026041666666666668;Schwamendingen;690
2015;Schwamendingen;Türkei;0.02022058823529412;Schwamendingen;841
2015;Uto;Andere;0.17501097935880544;Uto;168
2015;Uto;Deutschland;0.04589371980676329;Uto;441
2015;Uto;Schweiz;0.7790953008344312;Uto;29
2015;Waidberg;Andere;0.1259320629660315;Waidberg;233
2015;Waidberg;Deutschland;0.054266777133388566;Waidberg;408
2015;Waidberg;Schweiz;0.81980115990058;Waidberg;8
2015;Zürichberg;Andere;0.12749478701221328;Zürichberg;231
2015;Zürichberg;Deutschland;0.07715221924337205;Zürichberg;325
2015;Zürichberg;Schweiz;0.7953529937444147;Zürichberg;23
2016;Glattal;Andere;0.2042908976179208;Glattal;140
2016;Glattal;Deutschland;0.041173686701372454;Glattal;477
2016;Glattal;Italien;0.026502602934216753;Glattal;682
2016;Glattal;Portugal;0.03360151443445338;Glattal;556
2016;Glattal;Schweiz;0.6944312983120366;Glattal;58
2016;Letzi;Andere;0.1681839961667465;Letzi;174
2016;Letzi;Deutschland;0.02827024436990896;Letzi;635
2016;Letzi;Italien;0.029468136080498322;Letzi;620
2016;Letzi;Portugal;0.052946813608049835;Letzi;415
2016;Letzi;Schweiz;0.7211308097747964;Letzi;47
2016;Limmattal;Andere;0.16655716162943496;Limmattal;177
2016;Limmattal;Deutschland;0.024967148488830485;Limmattal;713
2016;Limmattal;Italien;0.024638633377135347;Limmattal;720
2016;Limmattal;Nordmazedonien;0.021353482260183968;Limmattal;812
2016;Limmattal;Portugal;0.06011826544021025;Limmattal;379
2016;Limmattal;Schweiz;0.702365308804205;Limmattal;52
2016;Schwamendingen;Andere;0.19703703703703704;Schwamendingen;147
2016;Schwamendingen;Deutschland;0.024888888888888887;Schwamendingen;715
2016;Schwamendingen;Italien;0.025185185185185185;Schwamendingen;712
2016;Schwamendingen;Kosovo;0.021037037037037038;Schwamendingen;827
2016;Schwamendingen;Portugal;0.05274074074074074;Schwamendingen;417
2016;Schwamendingen;Schweiz;0.6574814814814814;Schwamendingen;77
2016;Schwamendingen;Serbien;0.02162962962962963;Schwamendingen;805
2016;Uto;Andere;0.17509402423735895;Uto;167
2016;Uto;Deutschland;0.047847889678228166;Uto;435
2016;Uto;Schweiz;0.7770580860844128;Uto;31
2016;Waidberg;Andere;0.12757367783609205;Waidberg;230
2016;Waidberg;Deutschland;0.05551069842551474;Waidberg;394
2016;Waidberg;Schweiz;0.8169156237383932;Waidberg;11
2016;Zürichberg;Andere;0.13648796498905907;Zürichberg;211
2016;Zürichberg;Deutschland;0.0787746170678337;Zürichberg;324
2016;Zürichberg;Schweiz;0.7847374179431073;Zürichberg;27
2017;Glattal;Andere;0.20846905537459284;Glattal;136
2017;Glattal;Deutschland;0.0421901659686676;Glattal;471
2017;Glattal;Italien;0.02854040639056926;Glattal;630
2017;Glattal;Portugal;0.030867069955017836;Glattal;591
2017;Glattal;Schweiz;0.6899333023111525;Glattal;62
2017;Letzi;Andere;0.1643492135855938;Letzi;180
2017;Letzi;Deutschland;0.03487576931844085;Letzi;542
2017;Letzi;Italien;0.025985867335308867;Letzi;691
2017;Letzi;Portugal;0.05083200364713927;Letzi;424
2017;Letzi;Schweiz;0.7239571461135172;Letzi;45
2017;Limmattal;Andere;0.17160534028003907;Limmattal;172
2017;Limmattal;Deutschland;0.02637577336372517;Limmattal;683
2017;Limmattal;Italien;0.025724519700423314;Limmattal;698
2017;Limmattal;Portugal;0.06252035167697818;Limmattal;364
2017;Limmattal;Schweiz;0.7137740149788343;Limmattal;49
2017;Schwamendingen;Andere;0.19819277108433736;Schwamendingen;146
2017;Schwamendingen;Deutschland;0.028012048192771085;Schwamendingen;643
2017;Schwamendingen;Eritrea;0.022289156626506025;Schwamendingen;772
2017;Schwamendingen;Italien;0.024096385542168676;Schwamendingen;730
2017;Schwamendingen;Portugal;0.051807228915662654;Schwamendingen;422
2017;Schwamendingen;Schweiz;0.655421686746988;Schwamendingen;79
2017;Schwamendingen;Serbien;0.020180722891566263;Schwamendingen;842
2017;Uto;Andere;0.18192534381139489;Uto;159
2017;Uto;Deutschland;0.04538310412573674;Uto;447
2017;Uto;Schweiz;0.7726915520628683;Uto;37
2017;Waidberg;Andere;0.12288547540346102;Waidberg;241
2017;Waidberg;Deutschland;0.057942834921252184;Waidberg;391
2017;Waidberg;Schweiz;0.8191716896752868;Waidberg;9
2017;Zürichberg;Andere;0.13141025641025642;Zürichberg;221
2017;Zürichberg;Deutschland;0.07585470085470085;Zürichberg;327
2017;Zürichberg;Schweiz;0.7927350427350427;Zürichberg;24
2018;Glattal;Andere;0.20929882636172134;Glattal;135
2018;Glattal;Deutschland;0.04438760156485104;Glattal;452
2018;Glattal;Italien;0.025428829371050257;Glattal;706
2018;Glattal;Portugal;0.028438158290701173;Glattal;633
2018;Glattal;Schweiz;0.6924465844116762;Glattal;59
2018;Letzi;Andere;0.15183599909889614;Letzi;191
2018;Letzi;Deutschland;0.03717053390403244;Letzi;518
2018;Letzi;Italien;0.02613201171435008;Letzi;688
2018;Letzi;Portugal;0.0482090560937148;Letzi;432
2018;Letzi;Schweiz;0.7366523991890065;Letzi;42
2018;Limmattal;Andere;0.16661437088170694;Limmattal;176
2018;Limmattal;Deutschland;0.03200502039535613;Limmattal;571
2018;Limmattal;Italien;0.024160652651396296;Limmattal;729
2018;Limmattal;Portugal;0.05491057420771886;Limmattal;401
2018;Limmattal;Schweiz;0.7223093818638218;Limmattal;46
2018;Schwamendingen;Andere;0.20309760374050262;Schwamendingen;142
2018;Schwamendingen;Deutschland;0.030683810637054353;Schwamendingen;597
2018;Schwamendingen;Eritrea;0.02951490356516657;Schwamendingen;618
2018;Schwamendingen;Italien;0.023378141437755698;Schwamendingen;745
2018;Schwamendingen;Portugal;0.0505552308591467;Schwamendingen;426
2018;Schwamendingen;Schweiz;0.6627703097603741;Schwamendingen;76
2018;Uto;Andere;0.18308550185873607;Uto;158
2018;Uto;Deutschland;0.04386617100371747;Uto;457
2018;Uto;Schweiz;0.7730483271375465;Uto;36
2018;Waidberg;Andere;0.12520899126880922;Waidberg;235
2018;Waidberg;Deutschland;0.05833178524986067;Waidberg;389
2018;Waidberg;Schweiz;0.8164592234813302;Waidberg;12
2018;Zürichberg;Andere;0.1288752241865232;Zürichberg;225
2018;Zürichberg;Deutschland;0.07635152446835768;Zürichberg;326
2018;Zürichberg;Italien;0.02126569305662311;Zürichberg;820
2018;Zürichberg;Schweiz;0.773507558288496;Zürichberg;34
